Acura+ADs-CL+ADs-1998+ADs-2003,,
Acura+ADs-EL+ADs-1997+ADs-2005,,
Acura+ADs-ILX+ADs-2012+ADsALQ-,,
Acura+ADs-Integra+ADs-1998+ADs-2006,,
Acura+ADs-MDX+ADs-2001+ADsALQ-,,
Acura+ADs-NSX+ADs-2001+ADsALQ-,,
Acura+ADs-RDX+ADs-2006+ADsALQ-,,
Acura+ADs-RL+ADs-1995+ADs-2012,,
Acura+ADs-RLX+ADs-2013+ADsALQ-,,
Acura+ADs-RSX+ADs-2002+ADs-2006,,
Acura+ADs-TL+ADs-1999+ADs-2014,,
Acura+ADs-TLX+ADs-2014+ADsALQ-,,
Acura+ADs-TSX+ADs-2003+ADs-2014,,
Acura+ADs-ZDX+ADs-2010+ADs-2013,,
Alfa Romeo+ADs-146+ADs-1994+ADsALQ-,,
Alfa Romeo+ADs-147+ADs-1998+ADs-2010,,
Alfa Romeo+ADs-147 GTA+ADs-2002+ADs-2010,,
Alfa Romeo+ADs-156+ADs-1997+ADs-2007,,
Alfa Romeo+ADs-156 GTA+ADs-2002+ADs-2007,,
Alfa Romeo+ADs-159+ADs-2005+ADs-2011,,
Alfa Romeo+ADs-166+ADs-1998+ADs-2007,,
Alfa Romeo+ADs-4C+ADs-2013+ADsALQ-,,
Alfa Romeo+ADs-8C Competizione+ADs-2008+ADs-2010,,
Alfa Romeo+ADs-Brera+ADs-2005+ADs-2010,,
Alfa Romeo+ADs-Giulia+ADs-2016+ADsALQ-,,
Alfa Romeo+ADs-Giulietta+ADs-2010+ADsALQ-,,
Alfa Romeo+ADs-GT+ADs-2003+ADsALQ-,,
Alfa Romeo+ADs-GTV+ADs-1995+ADs-2006,,
Alfa Romeo+ADs-MiTo+ADs-2008+ADsALQ-,,
Alfa Romeo+ADs-Spider+ADs-1998+ADs-2010,,
Alfa Romeo+ADs-Stelvio+ADs-2017+ADsALQ-,,
Aston Martin+ADs-Cygnet+ADs-2011+ADs-2013,,
Aston Martin+ADs-DB11+ADs-2016+ADsALQ-,,
Aston Martin+ADs-DB9+ADs-2004+ADs-2016,,
Aston Martin+ADs-DBS+ADs-2003+ADs-2012,,
Aston Martin+ADs-DBS Violante+ADs-2007+ADs-2012,,
Aston Martin+ADs-DBX+ADs-2020+ADsALQ-,,
Aston Martin+ADs-Rapide+ADs-2010+ADsALQ-,,
Aston Martin+ADs-V12 Vantage+ADs-2010+ADsALQ-,,
Aston Martin+ADs-V8 Vantage+ADs-2001+ADsALQ-,,
Aston Martin+ADs-Valkyrie+ADs-2019+ADsALQ-,,
Aston Martin+ADs-Vanquish+ADs-2001+ADsALQ-,,
Aston Martin+ADs-Virage+ADs-2011+ADs-2012,,
Aston Martin+ADs-Zagato Coupe+ADs-2016+ADs-2016,,
Audi+ADs-A1+ADs-2010+ADsALQ-,,
Audi+ADs-A2+ADs-2000+ADs-2006,,
Audi+ADs-A3+ADs-1996+ADsALQ-,,
Audi+ADs-A4+ADs-1995+ADsALQ-,,
Audi+ADs-A4 Allroad Quattro+ADs-2009+ADsALQ-,,
Audi+ADs-A5+ADs-2007+ADsALQ-,,
Audi+ADs-A6+ADs-1998+ADsALQ-,,
Audi+ADs-A7+ADs-2010+ADsALQ-,,
Audi+ADs-A8+ADs-1994+ADsALQ-,,
Audi+ADs-Allroad+ADs-2000+ADs-2011,,
Audi+ADs-Q2+ADs-2016+ADsALQ-,,
Audi+ADs-Q3+ADs-2011+ADsALQ-,,
Audi+ADs-Q5+ADs-2008+ADsALQ-,,
Audi+ADs-Q7+ADs-2006+ADsALQ-,,
Audi+ADs-Q8+ADs-2018+ADsALQ-,,
Audi+ADs-R8+ADs-2006+ADsALQ-,,
Audi+ADs-RS Q3+ADs-2012+ADsALQ-,,
Audi+ADs-RS3+ADs-2011+ADsALQ-,,
Audi+ADs-RS4+ADs-2005+ADsALQ-,,
Audi+ADs-RS5+ADs-2010+ADsALQ-,,
Audi+ADs-RS6+ADs-2002+ADsALQ-,,
Audi+ADs-RS7+ADs-2013+ADsALQ-,,
Audi+ADs-S3+ADs-2006+ADsALQ-,,
Audi+ADs-S4+ADs-1998+ADsALQ-,,
Audi+ADs-S5+ADs-2007+ADsALQ-,,
Audi+ADs-S6+ADs-1999+ADsALQ-,,
Audi+ADs-S7+ADs-2012+ADsALQ-,,
Audi+ADs-S8+ADs-1996+ADsALQ-,,
Audi+ADs-SQ2+ADs-2019+ADsALQ-,,
Audi+ADs-SQ5+ADs-2012+ADsALQ-,,
Audi+ADs-SQ7+ADs-2016+ADsALQ-,,
Audi+ADs-SQ8+ADs-2020+ADsALQ-,,
Audi+ADs-TT+ADs-1998+ADsALQ-,,
Audi+ADs-TT RS+ADs-2008+ADs-2014,,
Audi+ADs-TTS+ADs-2008+ADsALQ-,,
Bentley+ADs-Arnage+ADs-1999+ADs-2007,,
Bentley+ADs-Azure+ADs-1999+ADs-2009,,
Bentley+ADs-Bentayga+ADs-2015+ADsALQ-,,
Bentley+ADs-Brooklands+ADs-2008+ADs-2011,,
Bentley+ADs-Continental+ADs-2003+ADsALQ-,,
Bentley+ADs-Continental Flying Spur+ADs-2005+ADs-2013,,
Bentley+ADs-Continental GT+ADs-2018+ADsALQ-,,
Bentley+ADs-Flying Spur+ADs-2013+ADsALQ-,,
Bentley+ADs-Mulsanne+ADs-2010+ADsALQ-,,
BMW+ADs-1 series+ADs-2004+ADsALQ-,,
BMW+ADs-2 series+ADs-2013+ADsALQ-,,
BMW+ADs-3 series+ADs-1981+ADsALQ-,,
BMW+ADs-4 series+ADs-2013+ADsALQ-,,
BMW+ADs-5 series+ADs-1988+ADsALQ-,,
BMW+ADs-6 series+ADs-2004+ADsALQ-,,
BMW+ADs-7 series+ADs-1995+ADsALQ-,,
BMW+ADs-8 series+ADs-1990+ADsALQ-,,
BMW+ADs-i3+ADs-2013+ADsALQ-,,
BMW+ADs-i8+ADs-2014+ADsALQ-,,
BMW+ADs-M2+ADs-2015+ADsALQ-,,
BMW+ADs-M3+ADs-2000+ADsALQ-,,
BMW+ADs-M4+ADs-2012+ADsALQ-,,
BMW+ADs-M5+ADs-1998+ADsALQ-,,
BMW+ADs-M6+ADs-2005+ADsALQ-,,
BMW+ADs-X1+ADs-2009+ADsALQ-,,
BMW+ADs-X2+ADs-2017+ADsALQ-,,
BMW+ADs-X3+ADs-2004+ADsALQ-,,
BMW+ADs-X3 M+ADs-2019+ADsALQ-,,
BMW+ADs-X4+ADs-2014+ADsALQ-,,
BMW+ADs-X4 M+ADs-2019+ADsALQ-,,
BMW+ADs-X5+ADs-2000+ADsALQ-,,
BMW+ADs-X5 M+ADs-2009+ADsALQ-,,
BMW+ADs-X6+ADs-2008+ADsALQ-,,
BMW+ADs-X6 M+ADs-2009+ADsALQ-,,
BMW+ADs-X7+ADs-2018+ADsALQ-,,
BMW+ADs-Z3+ADs-1996+ADs-2003,,
BMW+ADs-Z4+ADs-2002+ADsALQ-,,
BMW+ADs-Z8+ADs-2000+ADs-2006,,
Brilliance+ADs-H230+ADs-2012+ADsALQ-,,
Brilliance+ADs-V3+ADs-2014+ADsALQ-,,
Brilliance+ADs-V5+ADs-2011+ADsALQ-,,
Buick+ADs-Century+ADs-1997+ADs-2005,,
Buick+ADs-Enclave+ADs-2007+ADsALQ-,,
Buick+ADs-Envision+ADs-2014+ADsALQ-,,
Buick+ADs-La Crosse+ADs-2004+ADs-2016,,
Buick+ADs-Le Sabre+ADs-1999+ADs-2005,,
Buick+ADs-Lucerne+ADs-2005+ADs-2011,,
Buick+ADs-Park Avenue+ADs-1996+ADs-2012,,
Buick+ADs-Rainier+ADs-2003+ADs-2007,,
Buick+ADs-Regal+ADs-2009+ADsALQ-,,
Buick+ADs-Rendezvouz+ADs-2001+ADs-2007,,
Buick+ADs-Terraza+ADs-2005+ADs-2007,,
Buick+ADs-Verano+ADs-2012+ADsALQ-,,
BYD+ADs-Qin+ADs-2014+ADsALQ-,,
Cadillac+ADs-ATS+ADs-2012+ADsALQ-,,
Cadillac+ADs-ATS+AC0-V+ADs-2016+ADsALQ-,,
Cadillac+ADs-BLS+ADs-2006+ADs-2010,,
Cadillac+ADs-CT6+ADs-2016+ADsALQ-,,
Cadillac+ADs-CTS+ADs-2002+ADsALQ-,,
Cadillac+ADs-De Ville+ADs-2000+ADs-2005,,
Cadillac+ADs-DTS+ADs-2006+ADs-2011,,
Cadillac+ADs-Eldorado+ADs-1992+ADs-2002,,
Cadillac+ADs-ELR+ADs-2013+ADs-2016,,
Cadillac+ADs-Escalade+ADs-2002+ADsALQ-,,
Cadillac+ADs-Seville+ADs-1998+ADs-2004,,
Cadillac+ADs-SRX+ADs-2004+ADs-2016,,
Cadillac+ADs-STS+ADs-2004+ADs-2012,,
Cadillac+ADs-XLR+ADs-2003+ADs-2009,,
Cadillac+ADs-XT4+ADs-2018+ADsALQ-,,
Cadillac+ADs-XT5+ADs-2016+ADsALQ-,,
Cadillac+ADs-XT6+ADs-2019+ADsALQ-,,
Cadillac+ADs-XTS+ADs-2012+ADsALQ-,,
Changan+ADs-CS35+ADs-2012+ADsALQ-,,
Changan+ADs-CS35 Plus+ADs-2018+ADsALQ-,,
Changan+ADs-CS55+ADs-2017+ADsALQ-,,
Changan+ADs-CS75+ADs-2013+ADsALQ-,,
Changan+ADs-Eado+ADs-2012+ADsALQ-,,
Changan+ADs-Raeton+ADs-2013+ADsALQ-,,
Chery+ADs-Amulet+ADs-2003+ADs-2010,,
Chery+ADs-Arrizo 7+ADs-2013+ADsALQ-,,
Chery+ADs-Bonus+ADs-2011+ADsALQ-,,
Chery+ADs-Bonus 3+ADs-2013+ADsALQ-,,
Chery+ADs-CrossEastar+ADs-2006+ADsALQ-,,
Chery+ADs-Eastar+ADs-2003+ADs-2015,,
Chery+ADs-Fora+ADs-2006+ADs-2010,,
Chery+ADs-IndiS+ADs-2011+ADsALQ-,,
Chery+ADs-Kimo+ADs-2008+ADs-2014,,
Chery+ADs-M11+ADs-2008+ADsALQ-,,
Chery+ADs-QQ+ADs-2003+ADsALQ-,,
Chery+ADs-QQ6+ADs-2006+ADs-2010,,
Chery+ADs-Tiggo+ADs-2006+ADsALQ-,,
Chery+ADs-Tiggo 3+ADs-2014+ADsALQ-,,
Chery+ADs-Tiggo 4+ADs-2017+ADsALQ-,,
Chery+ADs-Tiggo 5+ADs-2014+ADsALQ-,,
Chery+ADs-Tiggo 7+ADs-2016+ADsALQ-,,
Chery+ADs-Very+ADs-2011+ADsALQ-,,
Chevrolet+ADs-Astro+ADs-1995+ADs-2005,,
Chevrolet+ADs-Avalanche+ADs-2002+ADs-2013,,
Chevrolet+ADs-Aveo+ADs-2004+ADsALQ-,,
Chevrolet+ADs-Blazer+ADs-1994+ADs-2005,,
Chevrolet+ADs-Camaro+ADs-1998+ADsALQ-,,
Chevrolet+ADs-Captiva+ADs-2006+ADsALQ-,,
Chevrolet+ADs-Cavalier+ADs-1995+ADs-2005,,
Chevrolet+ADs-Cobalt+ADs-2005+ADsALQ-,,
Chevrolet+ADs-Colorado+ADs-2004+ADsALQ-,,
Chevrolet+ADs-Corvette+ADs-2005+ADsALQ-,,
Chevrolet+ADs-Cruze+ADs-2009+ADsALQ-,,
Chevrolet+ADs-Epica+ADs-2006+ADs-2012,,
Chevrolet+ADs-Equinox+ADs-2005+ADsALQ-,,
Chevrolet+ADs-Express+ADs-2003+ADsALQ-,,
Chevrolet+ADs-HHR+ADs-2006+ADs-2011,,
Chevrolet+ADs-Impala+ADs-2006+ADsALQ-,,
Chevrolet+ADs-Lacetti+ADs-2002+ADs-2012,,
Chevrolet+ADs-Lanos+ADs-1997+ADs-2012,,
Chevrolet+ADs-Malibu+ADs-2004+ADsALQ-,,
Chevrolet+ADs-Monte Carlo+ADs-2005+ADs-2007,,
Chevrolet+ADs-Niva+ADs-2002+ADsALQ-,,
Chevrolet+ADs-Orlando+ADs-2011+ADsALQ-,,
Chevrolet+ADs-Rezzo+ADs-2000+ADs-2012,,
Chevrolet+ADs-Silverado+ADs-1999+ADs-2007,,
Chevrolet+ADs-Spark+ADs-2005+ADsALQ-,,
Chevrolet+ADs-SSR+ADs-2003+ADs-2006,,
Chevrolet+ADs-Suburban+ADs-2001+ADsALQ-,,
Chevrolet+ADs-Tahoe+ADs-2000+ADsALQ-,,
Chevrolet+ADs-TrailBlazer+ADs-2002+ADsALQ-,,
Chevrolet+ADs-Traverse+ADs-2009+ADsALQ-,,
Chevrolet+ADs-Trax+ADs-2013+ADsALQ-,,
Chevrolet+ADs-Uplander+ADs-2005+ADs-2009,,
Chevrolet+ADs-Venture+ADs-1996+ADs-2005,,
Chrysler+ADs-200+ADs-2010+ADsALQ-,,
Chrysler+ADs-300+ADs-2004+ADsALQ-,,
Chrysler+ADs-300M+ADs-1998+ADs-2004,,
Chrysler+ADs-Aspen+ADs-2006+ADs-2009,,
Chrysler+ADs-Concorde+ADs-1998+ADs-2004,,
Chrysler+ADs-Crossfire+ADs-2003+ADs-2007,,
Chrysler+ADs-Grand Voyager+ADs-2008+ADs-2015,,
Chrysler+ADs-Pacifica+ADs-2004+ADsALQ-,,
Chrysler+ADs-PT Cruiser+ADs-2000+ADs-2010,,
Chrysler+ADs-Sebring+ADs-2000+ADs-2010,,
Chrysler+ADs-Town +ACY- Country+ADs-2008+ADs-2016,,
Chrysler+ADs-Voyager+ADs-1995+ADs-2016,,
Citroen+ADs-Berlingo+ADs-1996+ADsALQ-,,
Citroen+ADs-C+AC0-Crosser+ADs-2007+ADs-2012,,
Citroen+ADs-C+AC0-Elysee+ADs-2012+ADsALQ-,,
Citroen+ADs-C1+ADs-2005+ADsALQ-,,
Citroen+ADs-C2+ADs-2003+ADs-2009,,
Citroen+ADs-C3+ADs-2002+ADs-2016,,
Citroen+ADs-C3 Aircross+ADs-2017+ADsALQ-,,
Citroen+ADs-C3 Picasso+ADs-2009+ADsALQ-,,
Citroen+ADs-C3 Pluriel+ADs-2003+ADs-2010,,
Citroen+ADs-C4+ADs-2004+ADsALQ-,,
Citroen+ADs-C4 Aircross+ADs-2012+ADsALQ-,,
Citroen+ADs-C4 Cactus+ADs-2014+ADsALQ-,,
Citroen+ADs-C4 Picasso+ADs-2006+ADsALQ-,,
Citroen+ADs-C5+ADs-2001+ADsALQ-,,
Citroen+ADs-C6+ADs-2004+ADs-2012,,
Citroen+ADs-C8+ADs-2002+ADs-2014,,
Citroen+ADs-DS 7 Crossback+ADs-2018+ADsALQ-,,
Citroen+ADs-DS3+ADs-2009+ADsALQ-,,
Citroen+ADs-DS4+ADs-2010+ADsALQ-,,
Citroen+ADs-DS5+ADs-2011+ADsALQ-,,
Citroen+ADs-Grand C4 Picasso+ADs-2006+ADsALQ-,,
Citroen+ADs-Jumpy+ADs-2007+ADs-2016,,
Citroen+ADs-Nemo+ADs-2008+ADsALQ-,,
Citroen+ADs-Saxo+ADs-1996+ADs-2004,,
Citroen+ADs-Spacetourer+ADs-2016+ADsALQ-,,
Citroen+ADs-Xsara+ADs-1997+ADs-2006,,
Citroen+ADs-Xsara Picasso+ADs-1999+ADs-2012,,
Daewoo+ADs-Evanda+ADs-2002+ADs-2007,,
Daewoo+ADs-Kalos+ADs-2002+ADs-2007,,
Daewoo+ADs-Leganza+ADs-1997+ADs-2002,,
Daewoo+ADs-Magnus+ADs-2000+ADs-2006,,
Daewoo+ADs-Matiz+ADs-2000+ADs-2015,,
Daewoo+ADs-Nexia+ADs-1995+ADsALQ-,,
Daewoo+ADs-Nubira+ADs-1997+ADs-2008,,
Daihatsu+ADs-Applause+ADs-1997+ADs-2000,,
Daihatsu+ADs-Cast+ADs-2015+ADsALQ-,,
Daihatsu+ADs-Copen+ADs-2002+ADsALQ-,,
Daihatsu+ADs-Cuore+ADs-2003+ADs-2011,,
Daihatsu+ADs-Gran Move+ADs-1996+ADs-2002,,
Daihatsu+ADs-Luxio+ADs-2009+ADsALQ-,,
Daihatsu+ADs-Materia+ADs-2006+ADs-2012,,
Daihatsu+ADs-Mebius+ADs-2013+ADsALQ-,,
Daihatsu+ADs-Move+ADs-2014+ADsALQ-,,
Daihatsu+ADs-Rocky+ADs-2019+ADsALQ-,,
Daihatsu+ADs-Sirion+ADs-1998+ADs-2004,,
Daihatsu+ADs-Terios+ADs-1997+ADsALQ-,,
Daihatsu+ADs-Trevis+ADs-2006+ADs-2011,,
Daihatsu+ADs-YRV+ADs-2000+ADs-2005,,
Datsun+ADs-mi+AC0-DO+ADs-2014+ADsALQ-,,
Datsun+ADs-on+AC0-DO+ADs-2014+ADsALQ-,,
Dodge+ADs-Avenger+ADs-1994+ADs-2014,,
Dodge+ADs-Caliber+ADs-2006+ADs-2012,,
Dodge+ADs-Caliber SRT4+ADs-2007+ADs-2010,,
Dodge+ADs-Caravan+ADs-1995+ADs-2016,,
Dodge+ADs-Challenger+ADs-2008+ADsALQ-,,
Dodge+ADs-Charger+ADs-2006+ADsALQ-,,
Dodge+ADs-Dakota+ADs-2005+ADs-2011,,
Dodge+ADs-Dart+ADs-2012+ADs-2017,,
Dodge+ADs-Durango+ADs-1998+ADsALQ-,,
Dodge+ADs-Intrepid+ADs-1998+ADs-2004,,
Dodge+ADs-Journey+ADs-2008+ADsALQ-,,
Dodge+ADs-Magnum+ADs-2004+ADs-2008,,
Dodge+ADs-Neon+ADs-2000+ADs-2005,,
Dodge+ADs-Nitro+ADs-2007+ADs-2012,,
Dodge+ADs-Ram 1500+ADs-2001+ADsALQ-,,
Dodge+ADs-Ram 2500+ADs-2002+ADsALQ-,,
Dodge+ADs-Ram 3500+ADs-2002+ADsALQ-,,
Dodge+ADs-Ram SRT10+ADs-2004+ADs-2007,,
Dodge+ADs-Stratus+ADs-2001+ADs-2006,,
Dodge+ADs-Viper+ADs-1996+ADs-2017,,
Dongfeng+ADs-580+ADs-2016+ADsALQ-,,
Dongfeng+ADs-A30+ADs-2014+ADsALQ-,,
Dongfeng+ADs-AX7+ADs-2014+ADsALQ-,,
Dongfeng+ADs-H30 Cross+ADs-2013+ADsALQ-,,
FAW+ADs-Besturn B30+ADs-2016+ADsALQ-,,
FAW+ADs-Besturn B50+ADs-2009+ADsALQ-,,
FAW+ADs-Besturn X40+ADs-2017+ADsALQ-,,
FAW+ADs-Besturn X80+ADs-2014+ADsALQ-,,
FAW+ADs-Oley+ADs-2012+ADsALQ-,,
FAW+ADs-Vita+ADs-2006+ADs-2012,,
Ferrari+ADs-348+ADs-1993+ADs-1995,,
Ferrari+ADs-360+ADs-1999+ADs-2005,,
Ferrari+ADs-456+ADs-1992+ADs-2003,,
Ferrari+ADs-458+ADs-2009+ADs-2016,,
Ferrari+ADs-488+ADs-2015+ADsALQ-,,
Ferrari+ADs-512+ADs-1991+ADs-2004,,
Ferrari+ADs-550+ADs-1996+ADs-2002,,
Ferrari+ADs-575 M+ADs-2002+ADs-2006,,
Ferrari+ADs-599 GTB Fiorano+ADs-2006+ADs-2012,,
Ferrari+ADs-599 GTO+ADs-2010+ADs-2012,,
Ferrari+ADs-612+ADs-2004+ADs-2011,,
Ferrari+ADs-812+ADs-2017+ADsALQ-,,
Ferrari+ADs-California+ADs-2008+ADs-2014,,
Ferrari+ADs-California T+ADs-2014+ADsALQ-,,
Ferrari+ADs-Challenge Stradale+ADs-2003+ADs-2003,,
Ferrari+ADs-Enzo+ADs-2002+ADs-2004,,
Ferrari+ADs-F12+ADs-2012+ADs-2017,,
Ferrari+ADs-F355+ADs-1994+ADs-1999,,
Ferrari+ADs-F430+ADs-2004+ADs-2010,,
Ferrari+ADs-F50+ADs-1995+ADs-1997,,
Ferrari+ADs-F512 M+ADs-1994+ADs-1996,,
Ferrari+ADs-FF+ADs-2011+ADsALQ-,,
Ferrari+ADs-GTC4 Lusso+ADs-2016+ADsALQ-,,
Ferrari+ADs-LaFerrari+ADs-2013+ADs-2015,,
Fiat+ADs-124 Spider+ADs-2015+ADsALQ-,,
Fiat+ADs-500+ADs-2007+ADsALQ-,,
Fiat+ADs-500L+ADs-2012+ADsALQ-,,
Fiat+ADs-500X+ADs-2014+ADsALQ-,,
Fiat+ADs-Albea+ADs-2002+ADs-2012,,
Fiat+ADs-Brava+ADs-1995+ADs-2003,,
Fiat+ADs-Bravo+ADs-1995+ADs-2016,,
Fiat+ADs-Coupe+ADs-1993+ADs-2009,,
Fiat+ADs-Croma+ADs-2005+ADs-2011,,
Fiat+ADs-Doblo+ADs-2001+ADsALQ-,,
Fiat+ADs-Ducato+ADs-2006+ADsALQ-,,
Fiat+ADs-Freemont+ADs-2011+ADs-2016,,
Fiat+ADs-Grande Punto+ADs-2005+ADs-2009,,
Fiat+ADs-Idea+ADs-2004+ADs-2016,,
Fiat+ADs-Linea+ADs-2007+ADs-2015,,
Fiat+ADs-Marea+ADs-1996+ADs-2006,,
Fiat+ADs-Multipla+ADs-1998+ADs-2010,,
Fiat+ADs-Palio+ADs-1996+ADs-2017,,
Fiat+ADs-Panda+ADs-2003+ADsALQ-,,
Fiat+ADs-Panda 4x4+ADs-2003+ADs-2012,,
Fiat+ADs-Punto+ADs-1999+ADsALQ-,,
Fiat+ADs-Qubo+ADs-2008+ADsALQ-,,
Fiat+ADs-Sedici+ADs-2005+ADs-2014,,
Fiat+ADs-Siena+ADs-2014+ADsALQ-,,
Fiat+ADs-Stilo+ADs-2001+ADs-2010,,
Fiat+ADs-Strada+ADs-2014+ADsALQ-,,
Fiat+ADs-Tipo+ADs-2015+ADsALQ-,,
Fiat+ADs-Ulysse+ADs-2002+ADs-2010,,
Ford+ADs-B+AC0-Max+ADs-2012+ADs-2017,,
Ford+ADs-C+AC0-Max+ADs-2003+ADsALQ-,,
Ford+ADs-Cougar+ADs-1998+ADs-2004,,
Ford+ADs-Crown Victoria+ADs-1999+ADs-2011,,
Ford+ADs-EcoSport+ADs-2003+ADsALQ-,,
Ford+ADs-Edge+ADs-2007+ADsALQ-,,
Ford+ADs-Escape+ADs-2001+ADsALQ-,,
Ford+ADs-Excursion+ADs-1999+ADs-2005,,
Ford+ADs-Expedition+ADs-1998+ADsALQ-,,
Ford+ADs-Explorer+ADs-1995+ADsALQ-,,
Ford+ADs-Explorer Sport Trac+ADs-2007+ADs-2010,,
Ford+ADs-F+AC0-150+ADs-1997+ADsALQ-,,
Ford+ADs-F+AC0-250+ADs-2011+ADsALQ-,,
Ford+ADs-F+AC0-350+ADs-2017+ADsALQ-,,
Ford+ADs-Falcon+ADs-2005+ADsALQ-,,
Ford+ADs-Fiesta+ADs-2002+ADsALQ-,,
Ford+ADs-Five Hundred+ADs-2005+ADs-2007,,
Ford+ADs-Flex+ADs-2008+ADsALQ-,,
Ford+ADs-Focus+ADs-1998+ADsALQ-,,
Ford+ADs-Focus Active+ADs-2018+ADsALQ-,,
Ford+ADs-Freestar+ADs-2003+ADs-2009,,
Ford+ADs-Freestyle+ADs-2004+ADs-2007,,
Ford+ADs-Fusion+ADs-2002+ADs-2012,,
Ford+ADs-Galaxy+ADs-1995+ADsALQ-,,
Ford+ADs-Ka+ADs-2003+ADsALQ-,,
Ford+ADs-Kuga+ADs-2008+ADsALQ-,,
Ford+ADs-Maverick+ADs-1992+ADs-2009,,
Ford+ADs-Mondeo+ADs-2000+ADsALQ-,,
Ford+ADs-Mustang+ADs-1995+ADsALQ-,,
Ford+ADs-Mustang Shelby GT350+ADs-2016+ADsALQ-,,
Ford+ADs-Puma+ADs-1997+ADs-2004,,
Ford+ADs-Ranger+ADs-2006+ADsALQ-,,
Ford+ADs-S+AC0-Max+ADs-2006+ADsALQ-,,
Ford+ADs-Taurus+ADs-2000+ADsALQ-,,
Ford+ADs-Taurus X+ADs-2007+ADs-2009,,
Ford+ADs-Thunderbird+ADs-2000+ADs-2006,,
Ford+ADs-Tourneo Connect+ADs-2002+ADsALQ-,,
Ford+ADs-Transit+ADs-2001+ADsALQ-,,
Ford+ADs-Transit Connect+ADs-2002+ADsALQ-,,
GAZ+ADs-3102+ADs-1997+ADs-2009,,
GAZ+ADs-31105+ADs-1997+ADs-2009,,
GAZ+ADs-Siber+ADs-2008+ADs-2010,,
GAZ+ADs-Sobol+ADs-2002+ADsALQ-,,
Geely+ADs-Atlas+ADs-2018+ADsALQ-,,
Geely+ADs-Coolray+ADs-2019+ADsALQ-,,
Geely+ADs-Emgrand 7+ADs-2016+ADsALQ-,,
Geely+ADs-Emgrand EC7+ADs-2009+ADsALQ-,,
Geely+ADs-Emgrand GS+ADs-2016+ADsALQ-,,
Geely+ADs-Emgrand X7+ADs-2011+ADsALQ-,,
Geely+ADs-GC9+ADs-2015+ADsALQ-,,
Geely+ADs-G+//0A0P/9AKE-6+ADs-2014+ADsALQ-,,
Geely+ADs-MK+ADs-2008+ADsALQ-,,
Geely+ADs-Otaka+ADs-2006+ADs-2009,,
Geely+ADs-Vision+ADs-2006+ADsALQ-,,
Genesis+ADs-G70+ADs-2018+ADsALQ-,,
Genesis+ADs-G80+ADs-2017+ADsALQ-,,
Genesis+ADs-G90+ADs-2016+ADsALQ-,,
GMC+ADs-Acadia+ADs-2007+ADsALQ-,,
GMC+ADs-Canyon+ADs-2004+ADsALQ-,,
GMC+ADs-Envoy+ADs-2001+ADs-2009,,
GMC+ADs-Sierra 1500+ADs-1999+ADsALQ-,,
GMC+ADs-Sierra 2500+ADs-1999+ADsALQ-,,
GMC+ADs-Terrain+ADs-2010+ADsALQ-,,
GMC+ADs-Yukon+ADs-2000+ADsALQ-,,
Great Wall+ADs-Cowry+ADs-2007+ADsALQ-,,
Great Wall+ADs-Deer+ADs-2003+ADs-2013,,
Great Wall+ADs-Hover+ADs-2005+ADsALQ-,,
Great Wall+ADs-Hover M2+ADs-2010+ADsALQ-,,
Great Wall+ADs-Pegasus+ADs-2005+ADs-2007,,
Great Wall+ADs-Peri+ADs-2007+ADs-2015,,
Great Wall+ADs-Safe+ADs-2002+ADs-2010,,
Great Wall+ADs-Sailor+ADs-2004+ADs-2012,,
Great Wall+ADs-Sing+ADs-2004+ADs-2012,,
Great Wall+ADs-Socool+ADs-2004+ADs-2012,,
Great Wall+ADs-Wingle+ADs-2008+ADsALQ-,,
Haval+ADs-F7+ADs-2018+ADsALQ-,,
Haval+ADs-H4+ADs-2018+ADsALQ-,,
Haval+ADs-H6+ADs-2017+ADsALQ-,,
Haval+ADs-H9+ADs-2015+ADsALQ-,,
Holden+ADs-Commodore+ADs-2004+ADs-2017,,
Honda+ADs-Accord+ADs-1998+ADsALQ-,,
Honda+ADs-Amaze+ADs-2011+ADsALQ-,,
Honda+ADs-City+ADs-2014+ADsALQ-,,
Honda+ADs-Civic+ADs-2001+ADsALQ-,,
Honda+ADs-CR+AC0-V+ADs-1995+ADsALQ-,,
Honda+ADs-CR+AC0-Z+ADs-2010+ADs-2016,,
Honda+ADs-Crosstour+ADs-2010+ADs-2015,,
Honda+ADs-Element+ADs-2003+ADs-2011,,
Honda+ADs-Fit+ADs-2001+ADsALQ-,,
Honda+ADs-FR+AC0-V+ADs-2004+ADs-2009,,
Honda+ADs-HR+AC0-V+ADs-1998+ADs-2006,,
Honda+ADs-HR+AC0-V II (GJ)+ADs-2014+ADsALQ-,,
Honda+ADs-Insight+ADs-1999+ADs-2014,,
Honda+ADs-Jade+ADs-2013+ADsALQ-,,
Honda+ADs-Jazz+ADs-2001+ADsALQ-,,
Honda+ADs-Legend+ADs-2006+ADsALQ-,,
Honda+ADs-Odyssey+ADs-1999+ADsALQ-,,
Honda+ADs-Pilot+ADs-2002+ADsALQ-,,
Honda+ADs-Prelude+ADs-1996+ADs-2001,,
Honda+ADs-Ridgeline+ADs-2005+ADs-2014,,
Honda+ADs-S2000+ADs-1999+ADs-2009,,
Honda+ADs-Shuttle+ADs-1994+ADs-2002,,
Honda+ADs-Stream+ADs-2001+ADs-2015,,
Honda+ADs-Vezel+ADs-2013+ADsALQ-,,
Hummer+ADs-H1+ADs-1992+ADs-2006,,
Hummer+ADs-H2+ADs-2003+ADs-2010,,
Hummer+ADs-H3+ADs-2005+ADs-2010,,
Hyundai+ADs-Accent+ADs-2000+ADsALQ-,,
Hyundai+ADs-Atos Prime+ADs-1999+ADs-2014,,
Hyundai+ADs-Azera+ADs-2006+ADs-2011,,
Hyundai+ADs-Centennial+ADs-1999+ADs-2008,,
Hyundai+ADs-Creta+ADs-2015+ADsALQ-,,
Hyundai+ADs-Elantra+ADs-2000+ADsALQ-,,
Hyundai+ADs-Entourage+ADs-2007+ADs-2007,,
Hyundai+ADs-Eon+ADs-2011+ADsALQ-,,
Hyundai+ADs-Equus+ADs-2009+ADs-2016,,
Hyundai+ADs-Galloper+ADs-1998+ADs-2003,,
Hyundai+ADs-Genesis+ADs-2008+ADs-2016,,
Hyundai+ADs-Genesis Coupe+ADs-2008+ADs-2016,,
Hyundai+ADs-Getz+ADs-2002+ADs-2011,,
Hyundai+ADs-Grandeur+ADs-2005+ADsALQ-,,
Hyundai+ADs-H+AC0-1+ADs-1998+ADsALQ-,,
Hyundai+ADs-i10+ADs-2008+ADsALQ-,,
Hyundai+ADs-i20+ADs-2008+ADsALQ-,,
Hyundai+ADs-i30+ADs-2007+ADsALQ-,,
Hyundai+ADs-i30 N+ADs-2017+ADsALQ-,,
Hyundai+ADs-i40+ADs-2011+ADsALQ-,,
Hyundai+ADs-Ioniq+ADs-2016+ADsALQ-,,
Hyundai+ADs-ix20+ADs-2010+ADsALQ-,,
Hyundai+ADs-ix35+ADs-2010+ADsALQ-,,
Hyundai+ADs-Kona+ADs-2017+ADsALQ-,,
Hyundai+ADs-Matrix+ADs-2001+ADs-2014,,
Hyundai+ADs-Palisade+ADs-2018+ADsALQ-,,
Hyundai+ADs-Porter+ADs-1996+ADsALQ-,,
Hyundai+ADs-Santa Fe+ADs-2001+ADsALQ-,,
Hyundai+ADs-Solaris+ADs-2010+ADsALQ-,,
Hyundai+ADs-Sonata+ADs-1998+ADsALQ-,,
Hyundai+ADs-Terracan+ADs-2001+ADs-2007,,
Hyundai+ADs-Trajet+ADs-2000+ADs-2008,,
Hyundai+ADs-Tucson+ADs-2004+ADsALQ-,,
Hyundai+ADs-Veloster+ADs-2011+ADsALQ-,,
Hyundai+ADs-Veracruz+ADs-2007+ADs-2015,,
Hyundai+ADs-Verna+ADs-2005+ADs-2011,,
Hyundai+ADs-Xcent+ADs-2014+ADsALQ-,,
Hyundai+ADs-XG+ADs-1998+ADs-2005,,
Infiniti+ADs-EX+ADs-2008+ADs-2014,,
Infiniti+ADs-FX+ADs-2003+ADs-2013,,
Infiniti+ADs-G+ADs-2003+ADs-2014,,
Infiniti+ADs-I35+ADs-2002+ADs-2004,,
Infiniti+ADs-JX+ADs-2012+ADs-2013,,
Infiniti+ADs-M+ADs-2001+ADs-2013,,
Infiniti+ADs-Q30+ADs-2016+ADsALQ-,,
Infiniti+ADs-Q40+ADs-2014+ADs-2015,,
Infiniti+ADs-Q45+ADs-2002+ADs-2007,,
Infiniti+ADs-Q50+ADs-2013+ADsALQ-,,
Infiniti+ADs-Q60+ADs-2013+ADs-2016,,
Infiniti+ADs-Q70+ADs-2013+ADsALQ-,,
Infiniti+ADs-QX30+ADs-2016+ADsALQ-,,
Infiniti+ADs-QX4+ADs-1997+ADs-2003,,
Infiniti+ADs-QX50+ADs-2013+ADsALQ-,,
Infiniti+ADs-QX56+ADs-2004+ADsALQ-,,
Infiniti+ADs-QX60+ADs-2013+ADsALQ-,,
Infiniti+ADs-QX70+ADs-2013+ADs-2016,,
Infiniti+ADs-QX80+ADs-2013+ADsALQ-,,
Isuzu+ADs-Ascender+ADs-2002+ADs-2008,,
Isuzu+ADs-Axiom+ADs-2002+ADs-2004,,
Isuzu+ADs-D+AC0-Max+ADs-2011+ADsALQ-,,
Isuzu+ADs-D+AC0-Max Rodeo+ADs-2007+ADs-2007,,
Isuzu+ADs-I280+ADs-2005+ADs-2006,,
Isuzu+ADs-I290+ADs-2007+ADs-2007,,
Isuzu+ADs-I350+ADs-2005+ADs-2006,,
Isuzu+ADs-I370+ADs-2007+ADs-2007,,
Isuzu+ADs-Rodeo+ADs-1998+ADs-2004,,
Isuzu+ADs-Trooper+ADs-1992+ADs-2002,,
Isuzu+ADs-VehiCross+ADs-1997+ADs-2001,,
Iveco+ADs-Daily+ADs-2006+ADsALQ-,,
Jaguar+ADs-E+AC0-Pace+ADs-2017+ADsALQ-,,
Jaguar+ADs-F+AC0-Pace+ADs-2015+ADsALQ-,,
Jaguar+ADs-F+AC0-Type+ADs-2013+ADsALQ-,,
Jaguar+ADs-I+AC0-Pace+ADs-2018+ADsALQ-,,
Jaguar+ADs-S+AC0-Type+ADs-1998+ADs-2008,,
Jaguar+ADs-X+AC0-Type+ADs-2001+ADs-2009,,
Jaguar+ADs-XE+ADs-2015+ADsALQ-,,
Jaguar+ADs-XF+ADs-2007+ADsALQ-,,
Jaguar+ADs-XJ+ADs-1997+ADsALQ-,,
Jaguar+ADs-XK/XKR+ADs-2002+ADs-2014,,
Jeep+ADs-Cherokee+ADs-2002+ADsALQ-,,
Jeep+ADs-Commander+ADs-2006+ADs-2010,,
Jeep+ADs-Compass+ADs-2007+ADsALQ-,,
Jeep+ADs-Gladiator+ADs-2019+ADsALQ-,,
Jeep+ADs-Grand Cherokee+ADs-1999+ADsALQ-,,
Jeep+ADs-Liberty+ADs-2006+ADs-2013,,
Jeep+ADs-Patriot+ADs-2006+ADs-2016,,
Jeep+ADs-Renegade+ADs-2014+ADsALQ-,,
Jeep+ADs-Wrangler+ADs-1998+ADsALQ-,,
Kia+ADs-Carens+ADs-2002+ADsALQ-,,
Kia+ADs-Carnival+ADs-1999+ADsALQ-,,
Kia+ADs-Ceed+ADs-2006+ADsALQ-,,
Kia+ADs-Cerato+ADs-2004+ADsALQ-,,
Kia+ADs-Clarus+ADs-1998+ADs-2001,,
Kia+ADs-Forte+ADs-2008+ADsALQ-,,
Kia+ADs-K900+ADs-2019+ADsALQ-,,
Kia+ADs-Magentis+ADs-2001+ADs-2010,,
Kia+ADs-Mohave+ADs-2008+ADs-2011,,
Kia+ADs-Niro+ADs-2016+ADsALQ-,,
Kia+ADs-Opirus+ADs-2003+ADs-2010,,
Kia+ADs-Optima+ADs-2010+ADsALQ-,,
Kia+ADs-Picanto+ADs-2004+ADsALQ-,,
Kia+ADs-ProCeed+ADs-2019+ADsALQ-,,
Kia+ADs-Quoris+ADs-2012+ADs-2018,,
Kia+ADs-Ray+ADs-2011+ADsALQ-,,
Kia+ADs-Rio+ADs-2000+ADsALQ-,,
Kia+ADs-Rio X+AC0-Line+ADs-2017+ADsALQ-,,
Kia+ADs-Seltos+ADs-2019+ADsALQ-,,
Kia+ADs-Shuma+ADs-1997+ADs-2005,,
Kia+ADs-Sorento+ADs-2002+ADsALQ-,,
Kia+ADs-Sorento Prime+ADs-2015+ADsALQ-,,
Kia+ADs-Soul+ADs-2009+ADsALQ-,,
Kia+ADs-Spectra+ADs-2005+ADs-2009,,
Kia+ADs-Sportage+ADs-1993+ADsALQ-,,
Kia+ADs-Stinger+ADs-2017+ADsALQ-,,
Kia+ADs-Stonic+ADs-2017+ADsALQ-,,
Kia+ADs-Telluride+ADs-2019+ADsALQ-,,
Kia+ADs-Venga+ADs-2011+ADsALQ-,,
Lamborghini+ADs-Aventador+ADs-2011+ADsALQ-,,
Lamborghini+ADs-Centenario+ADs-2016+ADs-2017,,
Lamborghini+ADs-Diablo+ADs-1991+ADs-2001,,
Lamborghini+ADs-Gallardo+ADs-2003+ADs-2014,,
Lamborghini+ADs-Huracan+ADs-2014+ADsALQ-,,
Lamborghini+ADs-Murcielago+ADs-2003+ADs-2010,,
Lamborghini+ADs-Reventon+ADs-2008+ADs-2008,,
Lamborghini+ADs-Urus+ADs-2018+ADsALQ-,,
Lancia+ADs-Delta+ADs-2008+ADsALQ-,,
Lancia+ADs-Lybra+ADs-1999+ADs-2007,,
Lancia+ADs-Musa+ADs-2004+ADs-2012,,
Lancia+ADs-Phedra+ADs-2002+ADs-2010,,
Lancia+ADs-Thema+ADs-2011+ADsALQ-,,
Lancia+ADs-Thesis+ADs-2001+ADs-2009,,
Lancia+ADs-Ypsilon+ADs-2003+ADsALQ-,,
Land Rover+ADs-Defender+ADs-2007+ADs-2016,,
Land Rover+ADs-Discovery+ADs-1998+ADsALQ-,,
Land Rover+ADs-Discovery Sport+ADs-2014+ADsALQ-,,
Land Rover+ADs-Evoque+ADs-2011+ADsALQ-,,
Land Rover+ADs-Freelander+ADs-1998+ADs-2014,,
Land Rover+ADs-Range Rover+ADs-1994+ADsALQ-,,
Land Rover+ADs-Range Rover Sport+ADs-2004+ADsALQ-,,
Land Rover+ADs-Range Rover Velar+ADs-2017+ADsALQ-,,
Lexus+ADs-CT+ADs-2010+ADsALQ-,,
Lexus+ADs-ES+ADs-2001+ADsALQ-,,
Lexus+ADs-GS+ADs-1997+ADsALQ-,,
Lexus+ADs-GX+ADs-2002+ADsALQ-,,
Lexus+ADs-HS+ADs-2009+ADs-2014,,
Lexus+ADs-IS+ADs-1998+ADsALQ-,,
Lexus+ADs-LC+ADs-2017+ADsALQ-,,
Lexus+ADs-LFA+ADs-2010+ADs-2012,,
Lexus+ADs-LS+ADs-1995+ADsALQ-,,
Lexus+ADs-LX+ADs-1998+ADsALQ-,,
Lexus+ADs-NX+ADs-2014+ADsALQ-,,
Lexus+ADs-RC+ADs-2014+ADsALQ-,,
Lexus+ADs-RX+ADs-1997+ADsALQ-,,
Lexus+ADs-SC+ADs-1999+ADs-2010,,
Lexus+ADs-UX+ADs-2018+ADsALQ-,,
Lifan+ADs-Breez+ADs-2007+ADs-2012,,
Lifan+ADs-Cebrium+ADs-2013+ADs-2017,,
Lifan+ADs-Celliya+ADs-2013+ADs-2016,,
Lifan+ADs-Smily+ADs-2008+ADsALQ-,,
Lifan+ADs-Solano+ADs-2008+ADsALQ-,,
Lifan+ADs-X50+ADs-2014+ADsALQ-,,
Lifan+ADs-X60+ADs-2011+ADsALQ-,,
Lincoln+ADs-Aviator+ADs-2003+ADsALQ-,,
Lincoln+ADs-Corsair+ADs-2019+ADsALQ-,,
Lincoln+ADs-Mark LT+ADs-2006+ADs-2007,,
Lincoln+ADs-MKC+ADs-2014+ADsALQ-,,
Lincoln+ADs-MKS+ADs-2008+ADs-2016,,
Lincoln+ADs-MKT+ADs-2009+ADsALQ-,,
Lincoln+ADs-MKX+ADs-2006+ADsALQ-,,
Lincoln+ADs-MKZ+ADs-2006+ADsALQ-,,
Lincoln+ADs-Navigator+ADs-1997+ADsALQ-,,
Lincoln+ADs-Town Car+ADs-1998+ADs-2011,,
Lincoln+ADs-Zephyr+ADs-2006+ADs-2006,,
Lotus+ADs-Elise+ADs-2001+ADsALQ-,,
Lotus+ADs-Europa S+ADs-2005+ADs-2010,,
Lotus+ADs-Evora+ADs-2009+ADsALQ-,,
Lotus+ADs-Exige+ADs-2001+ADsALQ-,,
Marussia+ADs-B1+ADs-2008+ADs-2014,,
Marussia+ADs-B2+ADs-2010+ADs-2014,,
Maserati+ADs-3200 GT+ADs-1998+ADs-2002,,
Maserati+ADs-Ghibli+ADs-2013+ADsALQ-,,
Maserati+ADs-Gran Cabrio+ADs-2010+ADsALQ-,,
Maserati+ADs-Gran Turismo +ADs-2007+ADsALQ-,,
Maserati+ADs-Gran Turismo S+ADs-2008+ADs-2012,,
Maserati+ADs-Levante+ADs-2016+ADsALQ-,,
Maserati+ADs-Quattroporte+ADs-2003+ADsALQ-,,
Maserati+ADs-Quattroporte S+ADs-2007+ADs-2012,,
Maybach+ADs-57+ADs-2002+ADs-2012,,
Maybach+ADs-57 S+ADs-2007+ADs-2012,,
Maybach+ADs-62+ADs-2002+ADs-2012,,
Maybach+ADs-62 S+ADs-2007+ADs-2012,,
Maybach+ADs-Landaulet+ADs-2003+ADs-2012,,
Mazda+ADs-2+ADs-2003+ADsALQ-,,
Mazda+ADs-3+ADs-2003+ADsALQ-,,
Mazda+ADs-323+ADs-1998+ADs-2003,,
Mazda+ADs-5+ADs-2005+ADs-2015,,
Mazda+ADs-6+ADs-2002+ADsALQ-,,
Mazda+ADs-626+ADs-1997+ADs-2001,,
Mazda+ADs-B+AC0-Series+ADs-1999+ADs-2006,,
Mazda+ADs-BT+AC0-50+ADs-2011+ADsALQ-,,
Mazda+ADs-CX+AC0-3+ADs-2015+ADsALQ-,,
Mazda+ADs-CX+AC0-5+ADs-2012+ADsALQ-,,
Mazda+ADs-CX+AC0-7+ADs-2006+ADs-2012,,
Mazda+ADs-CX+AC0-9+ADs-2007+ADsALQ-,,
Mazda+ADs-MPV+ADs-1999+ADs-2016,,
Mazda+ADs-MX+AC0-5+ADs-1998+ADsALQ-,,
Mazda+ADs-Premacy+ADs-1999+ADs-2006,,
Mazda+ADs-RX+AC0-7+ADs-1992+ADs-2002,,
Mazda+ADs-RX+AC0-8+ADs-2003+ADs-2012,,
Mazda+ADs-Tribute+ADs-2000+ADs-2007,,
McLaren+ADs-540C+ADs-2015+ADsALQ-,,
McLaren+ADs-570S+ADs-2015+ADsALQ-,,
McLaren+ADs-600LT+ADs-2018+ADsALQ-,,
McLaren+ADs-650S+ADs-2014+ADs-2017,,
McLaren+ADs-675LT+ADs-2015+ADs-2017,,
McLaren+ADs-720S+ADs-2017+ADsALQ-,,
McLaren+ADs-MP4+AC0-12C+ADs-2011+ADs-2014,,
McLaren+ADs-P1+ADs-2013+ADs-2016,,
Mercedes+ADs-A+AC0-class+ADs-1997+ADsALQ-,,
Mercedes+ADs-AMG GT+ADs-2014+ADsALQ-,,
Mercedes+ADs-AMG GT 4+AC0-Door+ADs-2018+ADsALQ-,,
Mercedes+ADs-B+AC0-class+ADs-2005+ADsALQ-,,
Mercedes+ADs-C+AC0-class+ADs-1997+ADsALQ-,,
Mercedes+ADs-C+AC0-class Sport Coupe+ADs-2001+ADs-2007,,
Mercedes+ADs-CL+AC0-class+ADs-1992+ADs-2014,,
Mercedes+ADs-CLA+AC0-class+ADs-2013+ADsALQ-,,
Mercedes+ADs-CLC+AC0-class +ADs-2008+ADs-2011,,
Mercedes+ADs-CLK+AC0-class+ADs-1997+ADs-2010,,
Mercedes+ADs-CLS+AC0-class+ADs-2004+ADsALQ-,,
Mercedes+ADs-E+AC0-class+ADs-1995+ADsALQ-,,
Mercedes+ADs-E+AC0-class Coupe+ADs-2017+ADsALQ-,,
Mercedes+ADs-EQC+ADs-2019+ADsALQ-,,
Mercedes+ADs-G+AC0-class+ADs-1996+ADsALQ-,,
Mercedes+ADs-GL+AC0-class+ADs-2006+ADsALQ-,,
Mercedes+ADs-GLA+AC0-class+ADs-2013+ADsALQ-,,
Mercedes+ADs-GLC+AC0-class+ADs-2015+ADsALQ-,,
Mercedes+ADs-GLC+AC0-class Coupe+ADs-2016+ADsALQ-,,
Mercedes+ADs-GLE+AC0-class+ADs-2015+ADsALQ-,,
Mercedes+ADs-GLE+AC0-class Coupe+ADs-2015+ADsALQ-,,
Mercedes+ADs-GLK+AC0-class+ADs-2008+ADs-2015,,
Mercedes+ADs-GLS+AC0-class+ADs-2015+ADsALQ-,,
Mercedes+ADs-M+AC0-class+ADs-1997+ADsALQ-,,
Mercedes+ADs-R+AC0-class+ADs-2005+ADs-2012,,
Mercedes+ADs-S+AC0-class+ADs-1990+ADsALQ-,,
Mercedes+ADs-S+AC0-class Cabrio+ADs-2015+ADsALQ-,,
Mercedes+ADs-S+AC0-class Coupe+ADs-2015+ADsALQ-,,
Mercedes+ADs-SL+AC0-class+ADs-2001+ADsALQ-,,
Mercedes+ADs-SLK+AC0-class+ADs-1996+ADsALQ-,,
Mercedes+ADs-SLR+AC0-class+ADs-2003+ADs-2010,,
Mercedes+ADs-SLS AMG+ADs-2010+ADs-2014,,
Mercedes+ADs-Sprinter+ADs-2000+ADsALQ-,,
Mercedes+ADs-Vaneo+ADs-2001+ADs-2006,,
Mercedes+ADs-Viano+ADs-2003+ADsALQ-,,
Mercedes+ADs-Vito+ADs-1999+ADs-2003,,
Mercedes+ADs-X+AC0-class+ADs-2018+ADsALQ-,,
Mercury+ADs-Grand Marquis+ADs-2003+ADs-2011,,
Mercury+ADs-Mariner+ADs-2005+ADs-2007,,
Mercury+ADs-Milan+ADs-2006+ADs-2011,,
Mercury+ADs-Montego+ADs-2004+ADs-2007,,
Mercury+ADs-Monterey+ADs-1991+ADs-2007,,
Mercury+ADs-Mountaineer+ADs-2003+ADs-2010,,
Mercury+ADs-Sable+ADs-1995+ADs-2005,,
MG+ADs-TF+ADs-2002+ADs-2011,,
MG+ADs-XPower SV+ADs-2003+ADs-2008,,
MG+ADs-ZR+ADs-2001+ADs-2005,,
MG+ADs-ZS+ADs-2001+ADs-2005,,
MG+ADs-ZT+ADs-2001+ADs-2005,,
MG+ADs-ZT+AC0-T+ADs-2001+ADs-2005,,
Mini+ADs-Clubman+ADs-2007+ADsALQ-,,
Mini+ADs-Clubman S+ADs-2007+ADsALQ-,,
Mini+ADs-Clubvan+ADs-2012+ADs-2014,,
Mini+ADs-Cooper+ADs-2001+ADsALQ-,,
Mini+ADs-Cooper Cabrio+ADs-2001+ADsALQ-,,
Mini+ADs-Cooper S+ADs-2001+ADsALQ-,,
Mini+ADs-Cooper S Cabrio+ADs-2001+ADsALQ-,,
Mini+ADs-Cooper S Countryman All4+ADs-2010+ADsALQ-,,
Mini+ADs-Countryman+ADs-2010+ADsALQ-,,
Mini+ADs-One+ADs-2001+ADsALQ-,,
Mitsubishi+ADs-3000 GT+ADs-1992+ADs-2001,,
Mitsubishi+ADs-ASX+ADs-2010+ADsALQ-,,
Mitsubishi+ADs-Carisma+ADs-1995+ADs-2004,,
Mitsubishi+ADs-Colt+ADs-1995+ADs-2012,,
Mitsubishi+ADs-Dignity+ADs-2012+ADsALQ-,,
Mitsubishi+ADs-Eclipse+ADs-1995+ADs-2007,,
Mitsubishi+ADs-Eclipse Cross+ADs-2017+ADsALQ-,,
Mitsubishi+ADs-Endeavor+ADs-2004+ADs-2011,,
Mitsubishi+ADs-Galant+ADs-1996+ADs-2012,,
Mitsubishi+ADs-Grandis+ADs-2003+ADs-2011,,
Mitsubishi+ADs-i+AC0-MiEV+ADs-2009+ADsALQ-,,
Mitsubishi+ADs-L200+ADs-1996+ADsALQ-,,
Mitsubishi+ADs-Lancer+ADs-1996+ADsALQ-,,
Mitsubishi+ADs-Lancer Evo+ADs-2001+ADs-2016,,
Mitsubishi+ADs-Mirage+ADs-2012+ADsALQ-,,
Mitsubishi+ADs-Outlander+ADs-2003+ADsALQ-,,
Mitsubishi+ADs-Outlander XL+ADs-2006+ADs-2012,,
Mitsubishi+ADs-Pajero+ADs-1990+ADsALQ-,,
Mitsubishi+ADs-Pajero Pinin+ADs-1999+ADs-2007,,
Mitsubishi+ADs-Pajero Sport+ADs-1998+ADsALQ-,,
Mitsubishi+ADs-Raider+ADs-2006+ADs-2007,,
Mitsubishi+ADs-Space Gear+ADs-1995+ADs-2007,,
Mitsubishi+ADs-Space Runner+ADs-1999+ADs-2004,,
Mitsubishi+ADs-Space Star+ADs-1998+ADs-2004,,
Nissan+ADs-350Z+ADs-2002+ADs-2009,,
Nissan+ADs-370Z+ADs-2009+ADsALQ-,,
Nissan+ADs-Almera+ADs-2000+ADsALQ-,,
Nissan+ADs-Almera Classic+ADs-2005+ADs-2012,,
Nissan+ADs-Almera Tino+ADs-2000+ADs-2005,,
Nissan+ADs-Altima+ADs-2002+ADsALQ-,,
Nissan+ADs-Armada+ADs-2003+ADsALQ-,,
Nissan+ADs-Bluebird Sylphy+ADs-2000+ADs-2012,,
Nissan+ADs-GT+AC0-R+ADs-2007+ADsALQ-,,
Nissan+ADs-Juke+ADs-2011+ADsALQ-,,
Nissan+ADs-Leaf+ADs-2010+ADsALQ-,,
Nissan+ADs-Maxima+ADs-2000+ADsALQ-,,
Nissan+ADs-Micra+ADs-2003+ADsALQ-,,
Nissan+ADs-Murano+ADs-2002+ADsALQ-,,
Nissan+ADs-Navara+ADs-2005+ADsALQ-,,
Nissan+ADs-Note+ADs-2005+ADsALQ-,,
Nissan+ADs-NP300+ADs-2008+ADs-2013,,
Nissan+ADs-Pathfinder+ADs-1997+ADsALQ-,,
Nissan+ADs-Patrol+ADs-1997+ADsALQ-,,
Nissan+ADs-Primera+ADs-1996+ADs-2008,,
Nissan+ADs-Qashqai+ADs-2007+ADsALQ-,,
Nissan+ADs-Qashqai+//0AOw-2008+ADs-2013,,
Nissan+ADs-Quest+ADs-2003+ADsALQ-,,
Nissan+ADs-Rogue+ADs-2008+ADsALQ-,,
Nissan+ADs-Sentra+ADs-1999+ADsALQ-,,
Nissan+ADs-Skyline+ADs-2001+ADs-2005,,
Nissan+ADs-Sylphy+ADs-2012+ADsALQ-,,
Nissan+ADs-Teana+ADs-2005+ADsALQ-,,
Nissan+ADs-Terrano+ADs-1993+ADsALQ-,,
Nissan+ADs-Tiida+ADs-2007+ADsALQ-,,
Nissan+ADs-Titan+ADs-2003+ADsALQ-,,
Nissan+ADs-Titan XD+ADs-2016+ADsALQ-,,
Nissan+ADs-X+AC0-Trail+ADs-2001+ADsALQ-,,
Nissan+ADs-XTerra+ADs-2001+ADs-2015,,
Nissan+ADs-Z+ADs-2003+ADsALQ-,,
Opel+ADs-Adam+ADs-2013+ADsALQ-,,
Opel+ADs-Agila+ADs-2000+ADs-2014,,
Opel+ADs-Antara+ADs-2006+ADsALQ-,,
Opel+ADs-Astra+ADs-1998+ADsALQ-,,
Opel+ADs-Astra GTS+ADs-2011+ADsALQ-,,
Opel+ADs-Cascada+ADs-2013+ADsALQ-,,
Opel+ADs-Combo+ADs-2001+ADsALQ-,,
Opel+ADs-Corsa+ADs-2000+ADsALQ-,,
Opel+ADs-Corsa OPC+ADs-2007+ADsALQ-,,
Opel+ADs-Crossland X+ADs-2017+ADsALQ-,,
Opel+ADs-Frontera+ADs-1998+ADs-2004,,
Opel+ADs-Grandland X+ADs-2017+ADsALQ-,,
Opel+ADs-Insignia+ADs-2008+ADsALQ-,,
Opel+ADs-Insignia OPC+ADs-2009+ADsALQ-,,
Opel+ADs-Karl+ADs-2015+ADsALQ-,,
Opel+ADs-Meriva+ADs-2003+ADsALQ-,,
Opel+ADs-Mokka+ADs-2012+ADsALQ-,,
Opel+ADs-Omega+ADs-1994+ADs-2004,,
Opel+ADs-Signum+ADs-2003+ADs-2008,,
Opel+ADs-Speedster+ADs-2000+ADs-2007,,
Opel+ADs-Tigra+ADs-1994+ADs-2009,,
Opel+ADs-Vectra+ADs-1995+ADs-2008,,
Opel+ADs-Vivaro+ADs-2014+ADsALQ-,,
Opel+ADs-Zafira+ADs-1999+ADs-2014,,
Opel+ADs-Zafira Tourer+ADs-2012+ADsALQ-,,
Peugeot+ADs-1007+ADs-2004+ADs-2009,,
Peugeot+ADs-107+ADs-2005+ADs-2014,,
Peugeot+ADs-108+ADs-2014+ADsALQ-,,
Peugeot+ADs-2008+ADs-2013+ADsALQ-,,
Peugeot+ADs-206+ADs-1998+ADs-2012,,
Peugeot+ADs-207+ADs-2006+ADs-2014,,
Peugeot+ADs-208+ADs-2012+ADsALQ-,,
Peugeot+ADs-3008+ADs-2009+ADsALQ-,,
Peugeot+ADs-301+ADs-2012+ADsALQ-,,
Peugeot+ADs-307+ADs-2000+ADs-2011,,
Peugeot+ADs-308+ADs-2007+ADsALQ-,,
Peugeot+ADs-4007+ADs-2007+ADs-2012,,
Peugeot+ADs-4008+ADs-2012+ADsALQ-,,
Peugeot+ADs-406+ADs-1995+ADs-2004,,
Peugeot+ADs-407+ADs-2004+ADs-2010,,
Peugeot+ADs-408+ADs-2010+ADsALQ-,,
Peugeot+ADs-5008+ADs-2009+ADsALQ-,,
Peugeot+ADs-508+ADs-2011+ADsALQ-,,
Peugeot+ADs-607+ADs-2000+ADs-2010,,
Peugeot+ADs-807+ADs-2002+ADs-2014,,
Peugeot+ADs-Boxer+ADs-2008+ADsALQ-,,
Peugeot+ADs-Partner+ADs-1996+ADsALQ-,,
Peugeot+ADs-RCZ Sport+ADs-2010+ADsALQ-,,
Plymouth+ADs-Road Runner+ADs-1968+ADs-1970,,
Pontiac+ADs-Aztec+ADs-2001+ADs-2005,,
Pontiac+ADs-Bonneville+ADs-1999+ADs-2005,,
Pontiac+ADs-Firebird+ADs-1993+ADs-2002,,
Pontiac+ADs-G5 Pursuit+ADs-2004+ADs-2010,,
Pontiac+ADs-G6+ADs-2004+ADs-2010,,
Pontiac+ADs-G8+ADs-2008+ADs-2009,,
Pontiac+ADs-Grand AM+ADs-1998+ADs-2005,,
Pontiac+ADs-Grand Prix+ADs-1996+ADs-2008,,
Pontiac+ADs-GTO+ADs-2004+ADs-2006,,
Pontiac+ADs-Montana+ADs-1997+ADs-2009,,
Pontiac+ADs-Solstice+ADs-2005+ADs-2010,,
Pontiac+ADs-Sunfire+ADs-1995+ADs-2005,,
Pontiac+ADs-Torrent+ADs-2005+ADs-2009,,
Pontiac+ADs-Vibe+ADs-2002+ADs-2009,,
Porsche+ADs-718 Boxster+ADs-2016+ADsALQ-,,
Porsche+ADs-718 Cayman+ADs-2016+ADsALQ-,,
Porsche+ADs-911+ADs-1997+ADsALQ-,,
Porsche+ADs-Boxster+ADs-1996+ADs-2016,,
Porsche+ADs-Cayenne+ADs-2002+ADsALQ-,,
Porsche+ADs-Cayman+ADs-2005+ADs-2016,,
Porsche+ADs-Macan+ADs-2014+ADsALQ-,,
Porsche+ADs-Panamera+ADs-2009+ADsALQ-,,
Porsche+ADs-Taycan+ADs-2020+ADsALQ-,,
Ravon+ADs-Gentra+ADs-2015+ADsALQ-,,
Renault+ADs-Arkana+ADs-2019+ADsALQ-,,
Renault+ADs-Avantime+ADs-2001+ADs-2004,,
Renault+ADs-Captur+ADs-2013+ADsALQ-,,
Renault+ADs-Clio+ADs-1998+ADsALQ-,,
Renault+ADs-Duster+ADs-2010+ADsALQ-,,
Renault+ADs-Duster Oroch+ADs-2015+ADsALQ-,,
Renault+ADs-Espace+ADs-1996+ADsALQ-,,
Renault+ADs-Fluence+ADs-2010+ADsALQ-,,
Renault+ADs-Grand Scenic+ADs-2009+ADsALQ-,,
Renault+ADs-Kadjar+ADs-2015+ADsALQ-,,
Renault+ADs-Kangoo+ADs-1998+ADsALQ-,,
Renault+ADs-Kaptur+ADs-2016+ADsALQ-,,
Renault+ADs-Koleos+ADs-2008+ADsALQ-,,
Renault+ADs-Laguna+ADs-1993+ADs-2015,,
Renault+ADs-Latitude+ADs-2010+ADsALQ-,,
Renault+ADs-Logan+ADs-2004+ADsALQ-,,
Renault+ADs-Master+ADs-2011+ADsALQ-,,
Renault+ADs-Megane+ADs-1996+ADs-2016,,
Renault+ADs-Modus+ADs-2004+ADs-2012,,
Renault+ADs-Sandero+ADs-2007+ADsALQ-,,
Renault+ADs-Sandero Stepway+ADs-2008+ADsALQ-,,
Renault+ADs-Scenic+ADs-1996+ADsALQ-,,
Renault+ADs-Symbol+ADs-2002+ADsALQ-,,
Renault+ADs-Talisman+ADs-2015+ADsALQ-,,
Renault+ADs-Trafic+ADs-2001+ADsALQ-,,
Renault+ADs-Twingo+ADs-1993+ADsALQ-,,
Renault+ADs-Twizy+ADs-2012+ADsALQ-,,
Renault+ADs-Vel Satis+ADs-2002+ADs-2009,,
Renault+ADs-Wind+ADs-2010+ADs-2013,,
Renault+ADs-Zoe+ADs-2012+ADsALQ-,,
Rolls+AC0-Royce+ADs-Cullinan+ADs-2018+ADsALQ-,,
Rolls+AC0-Royce+ADs-Dawn+ADs-2015+ADsALQ-,,
Rolls+AC0-Royce+ADs-Ghost+ADs-2009+ADsALQ-,,
Rolls+AC0-Royce+ADs-Phantom+ADs-2003+ADsALQ-,,
Rolls+AC0-Royce+ADs-Wraith+ADs-2013+ADsALQ-,,
Rover+ADs-25+ADs-1999+ADs-2008,,
Rover+ADs-400+ADs-1996+ADs-2000,,
Rover+ADs-45+ADs-2000+ADs-2008,,
Rover+ADs-600+ADs-1999+ADs-2004,,
Rover+ADs-75+ADs-1999+ADs-2005,,
Rover+ADs-Streetwise+ADs-2003+ADs-2005,,
Saab+ADs-9+AC0-2x+ADs-2004+ADs-2007,,
Saab+ADs-9+AC0-3+ADs-2003+ADs-2014,,
Saab+ADs-9+AC0-4x+ADs-2011+ADs-2012,,
Saab+ADs-9+AC0-5+ADs-1997+ADs-2012,,
Saab+ADs-9+AC0-7x+ADs-2005+ADs-2009,,
Saturn+ADs-Aura+ADs-2007+ADs-2007,,
Saturn+ADs-Ion+ADs-2003+ADs-2007,,
Saturn+ADs-LW+ADs-1998+ADs-2004,,
Saturn+ADs-Outlook+ADs-2006+ADsALQ-,,
Saturn+ADs-Sky+ADs-2007+ADs-2007,,
Saturn+ADs-Vue+ADs-2002+ADs-2007,,
Scion+ADs-FR+AC0-S+ADs-2012+ADs-2016,,
Scion+ADs-tC+ADs-2004+ADsALQ-,,
Scion+ADs-xA+ADs-2003+ADs-2007,,
Scion+ADs-xB+ADs-2003+ADs-2015,,
Scion+ADs-xD+ADs-2007+ADs-2014,,
Seat+ADs-Alhambra+ADs-1998+ADsALQ-,,
Seat+ADs-Altea+ADs-2004+ADs-2015,,
Seat+ADs-Altea Freetrack+ADs-2007+ADs-2015,,
Seat+ADs-Altea XL+ADs-2007+ADs-2015,,
Seat+ADs-Arosa+ADs-1997+ADs-2006,,
Seat+ADs-Ateca+ADs-2016+ADsALQ-,,
Seat+ADs-Cordoba+ADs-1999+ADs-2009,,
Seat+ADs-Exeo+ADs-2008+ADs-2013,,
Seat+ADs-Ibiza+ADs-2002+ADsALQ-,,
Seat+ADs-Leon+ADs-1999+ADsALQ-,,
Seat+ADs-Mii+ADs-2012+ADsALQ-,,
Seat+ADs-Toledo+ADs-2004+ADsALQ-,,
Skoda+ADs-Citigo+ADs-2011+ADsALQ-,,
Skoda+ADs-Fabia+ADs-1999+ADsALQ-,,
Skoda+ADs-Felicia+ADs-1995+ADs-2000,,
Skoda+ADs-Kamiq+ADs-2019+ADsALQ-,,
Skoda+ADs-Karoq+ADs-2017+ADsALQ-,,
Skoda+ADs-Kodiaq+ADs-2016+ADsALQ-,,
Skoda+ADs-Octavia+ADs-1995+ADsALQ-,,
Skoda+ADs-Octavia Scout+ADs-2007+ADs-2013,,
Skoda+ADs-Octavia Tour+ADs-2006+ADs-2013,,
Skoda+ADs-Praktik+ADs-2007+ADs-2015,,
Skoda+ADs-Rapid+ADs-2012+ADsALQ-,,
Skoda+ADs-Rapid Spaceback (NH1)+ADs-2013+ADsALQ-,,
Skoda+ADs-Roomster+ADs-2006+ADs-2015,,
Skoda+ADs-Superb+ADs-2002+ADsALQ-,,
Skoda+ADs-Yeti+ADs-2010+ADs-2018,,
Smart+ADs-Forfour+ADs-2004+ADsALQ-,,
Smart+ADs-Fortwo+ADs-1997+ADsALQ-,,
Smart+ADs-Roadster+ADs-2003+ADs-2012,,
Ssang Yong+ADs-Actyon+ADs-2005+ADsALQ-,,
Ssang Yong+ADs-Actyon Sports+ADs-2006+ADsALQ-,,
Ssang Yong+ADs-Chairman+ADs-2004+ADsALQ-,,
Ssang Yong+ADs-Korando+ADs-2002+ADsALQ-,,
Ssang Yong+ADs-Kyron+ADs-2005+ADsALQ-,,
Ssang Yong+ADs-Musso+ADs-1993+ADs-2007,,
Ssang Yong+ADs-Musso Sport+ADs-2004+ADs-2007,,
Ssang Yong+ADs-Rexton+ADs-2001+ADsALQ-,,
Ssang Yong+ADs-Rodius+ADs-2004+ADsALQ-,,
Ssang Yong+ADs-Stavic+ADs-2013+ADsALQ-,,
Ssang Yong+ADs-Tivoli+ADs-2015+ADsALQ-,,
Subaru+ADs-Ascent+ADs-2018+ADsALQ-,,
Subaru+ADs-Baja+ADs-2002+ADs-2007,,
Subaru+ADs-Exiga+ADs-2008+ADsALQ-,,
Subaru+ADs-Forester+ADs-1997+ADsALQ-,,
Subaru+ADs-Impreza+ADs-1992+ADsALQ-,,
Subaru+ADs-Justy+ADs-1995+ADs-2006,,
Subaru+ADs-Legacy+ADs-1994+ADsALQ-,,
Subaru+ADs-Levorg+ADs-2014+ADsALQ-,,
Subaru+ADs-Outback+ADs-1997+ADsALQ-,,
Subaru+ADs-Traviq+ADs-2001+ADs-2006,,
Subaru+ADs-Tribeca+ADs-2005+ADs-2014,,
Subaru+ADs-WRX+ADs-2014+ADsALQ-,,
Subaru+ADs-XV+ADs-2012+ADsALQ-,,
Suzuki+ADs-Alto+ADs-2002+ADsALQ-,,
Suzuki+ADs-Baleno+ADs-1995+ADs-2003,,
Suzuki+ADs-Celerio+ADs-2014+ADsALQ-,,
Suzuki+ADs-Ciaz+ADs-2014+ADsALQ-,,
Suzuki+ADs-Grand Vitara+ADs-1998+ADs-2014,,
Suzuki+ADs-Grand Vitara XL7+ADs-1998+ADs-2014,,
Suzuki+ADs-Ignis+ADs-2000+ADs-2008,,
Suzuki+ADs-Jimny+ADs-1998+ADsALQ-,,
Suzuki+ADs-Kizashi+ADs-2009+ADs-2015,,
Suzuki+ADs-Liana+ADs-2002+ADs-2007,,
Suzuki+ADs-Splash+ADs-2008+ADs-2016,,
Suzuki+ADs-Swift+ADs-2005+ADsALQ-,,
Suzuki+ADs-SX4+ADs-2006+ADsALQ-,,
Suzuki+ADs-Vitara+ADs-2015+ADsALQ-,,
Suzuki+ADs-Wagon R+ADs-2012+ADsALQ-,,
Suzuki+ADs-Wagon R+ADs-2000+ADs-2006,,
Tesla+ADs-Model 3+ADs-2017+ADsALQ-,,
Tesla+ADs-Model S+ADs-2012+ADsALQ-,,
Tesla+ADs-Model X+ADs-2015+ADsALQ-,,
Tesla+ADs-Model Y+ADs-2019+ADsALQ-,,
Toyota+ADs-4Runner+ADs-1995+ADsALQ-,,
Toyota+ADs-Alphard+ADs-2002+ADsALQ-,,
Toyota+ADs-Auris+ADs-2007+ADsALQ-,,
Toyota+ADs-Avalon+ADs-2000+ADsALQ-,,
Toyota+ADs-Avensis+ADs-1997+ADsALQ-,,
Toyota+ADs-Avensis Verso+ADs-2001+ADs-2010,,
Toyota+ADs-Aygo+ADs-2005+ADsALQ-,,
Toyota+ADs-C+AC0-HR+ADs-2016+ADsALQ-,,
Toyota+ADs-Caldina+ADs-2002+ADs-2007,,
Toyota+ADs-Camry+ADs-1996+ADsALQ-,,
Toyota+ADs-Celica+ADs-1999+ADs-2006,,
Toyota+ADs-Corolla+ADs-1995+ADsALQ-,,
Toyota+ADs-Corolla Verso+ADs-2002+ADs-2009,,
Toyota+ADs-FJ Cruiser+ADs-2007+ADs-2016,,
Toyota+ADs-Fortuner+ADs-2004+ADsALQ-,,
Toyota+ADs-GT 86+ADs-2012+ADsALQ-,,
Toyota+ADs-Hiace+ADs-2006+ADsALQ-,,
Toyota+ADs-Highlander+ADs-2000+ADsALQ-,,
Toyota+ADs-Hilux+ADs-2005+ADsALQ-,,
Toyota+ADs-iQ+ADs-2008+ADs-2016,,
Toyota+ADs-ist+ADs-2002+ADs-2016,,
Toyota+ADs-Land Cruiser+ADs-1990+ADsALQ-,,
Toyota+ADs-Land Cruiser Prado+ADs-2002+ADsALQ-,,
Toyota+ADs-Mark II+ADs-2000+ADs-2004,,
Toyota+ADs-Mirai+ADs-2014+ADsALQ-,,
Toyota+ADs-MR2+ADs-1999+ADs-2007,,
Toyota+ADs-Picnic+ADs-1995+ADs-2001,,
Toyota+ADs-Previa+ADs-2000+ADsALQ-,,
Toyota+ADs-Prius+ADs-2003+ADsALQ-,,
Toyota+ADs-RAV4+ADs-1994+ADsALQ-,,
Toyota+ADs-Sequoia+ADs-2001+ADsALQ-,,
Toyota+ADs-Sienna+ADs-2002+ADsALQ-,,
Toyota+ADs-Supra+ADs-2019+ADsALQ-,,
Toyota+ADs-Tacoma+ADs-2005+ADsALQ-,,
Toyota+ADs-Tundra+ADs-1999+ADsALQ-,,
Toyota+ADs-Venza+ADs-2008+ADsALQ-,,
Toyota+ADs-Verso+ADs-2009+ADsALQ-,,
Toyota+ADs-Vitz+ADs-2005+ADsALQ-,,
Toyota+ADs-Yaris+ADs-1999+ADsALQ-,,
Toyota+ADs-Yaris Verso+ADs-1999+ADs-2005,,
UAZ+ADs-Pickup+ADs-2008+ADsALQ-,,
UAZ+ADv//QDQ//0An//9AND//QCw//0A0f/9AIL//QDR//0AgP/9AND//QC4//0A0P/9AL7//QDR//0AggA7-2005+ADsALQ-,,
UAZ+ADv//QDQ//0Apf/9AND//QCw//0A0P/9AL3//QDR//0Agv/9AND//QC1//0A0f/9AIAAOw-2003+ADsALQ-,,
VAZ+ADs-2101+AC0-2107+ADs-1976+ADs-2012,,
VAZ+ADs-2108,2109, 21099+ADs-1984+ADs-2004
VAZ+ADs-2110,2111, 2112+ADs-1996+ADsALQ-
VAZ+ADs-2113,2114, 2115+ADs-1997+ADsALQ-
VAZ+ADs-Granta+ADs-2011+ADsALQ-,,
VAZ+ADs-Largus+ADs-2012+ADsALQ-,,
VAZ+ADs-Largus Cross+ADs-2015+ADsALQ-,,
VAZ+ADs-Vesta Cross+ADs-2018+ADsALQ-,,
VAZ+ADs-Vesta Sport+ADs-2018+ADsALQ-,,
VAZ+ADs-Vesta SW+ADs-2017+ADsALQ-,,
VAZ+ADs-XRay+ADs-2016+ADsALQ-,,
VAZ+ADs-XRay Cross+ADs-2018+ADsALQ-,,
VAZ+ADv//QDQ//0Akv/9AND//QC1//0A0f/9AIH//QDR//0Agv/9AND//QCwADs-2015+ADsALQ-,,
VAZ+ADv//QDQ//0Amv/9AND//QCw//0A0P/9ALv//QDQ//0AuP/9AND//QC9//0A0P/9ALAAOw-2004+ADsALQ-,,
VAZ+ADv//QDQ//0Anf/9AND//QC4//0A0P/9ALL//QDQ//0AsA- 4X4+ADs-1977+ADsALQ-,,
VAZ+ADv//QDQ//0Anv/9AND//QC6//0A0P/9ALAAOw-1988+ADs-2008,,
VAZ+ADv//QDQ//0An//9ANH//QCA//0A0P/9ALj//QDQ//0Avv/9ANH//QCA//0A0P/9ALAAOw-2007+ADsALQ-,,
Volkswagen+ADs-Amarok+ADs-1990+ADsALQ-,,
Volkswagen+ADs-Arteon+ADs-2017+ADsALQ-,,
Volkswagen+ADs-Beetle+ADs-2011+ADsALQ-,,
Volkswagen+ADs-Bora+ADs-1998+ADs-2005,,
Volkswagen+ADs-Caddy+ADs-2004+ADsALQ-,,
Volkswagen+ADs-CC+ADs-2012+ADsALQ-,,
Volkswagen+ADs-Crafter+ADs-2008+ADsALQ-,,
Volkswagen+ADs-CrossGolf+ADs-2007+ADs-2009,,
Volkswagen+ADs-CrossPolo+ADs-2006+ADs-2009,,
Volkswagen+ADs-CrossTouran+ADs-2007+ADs-2015,,
Volkswagen+ADs-Eos+ADs-2006+ADs-2015,,
Volkswagen+ADs-Fox+ADs-2005+ADsALQ-,,
Volkswagen+ADs-Golf+ADs-1997+ADsALQ-,,
Volkswagen+ADs-Jetta+ADs-2005+ADsALQ-,,
Volkswagen+ADs-Lupo+ADs-1998+ADs-2005,,
Volkswagen+ADs-Multivan+ADs-2003+ADsALQ-,,
Volkswagen+ADs-New Beetle+ADs-1998+ADs-2007,,
Volkswagen+ADs-Passat+ADs-2000+ADsALQ-,,
Volkswagen+ADs-Passat CC+ADs-2008+ADs-2012,,
Volkswagen+ADs-Phaeton+ADs-2002+ADsALQ-,,
Volkswagen+ADs-Pointer+ADs-1993+ADs-1997,,
Volkswagen+ADs-Polo+ADs-2001+ADsALQ-,,
Volkswagen+ADs-Routan+ADs-2008+ADs-2014,,
Volkswagen+ADs-Scirocco+ADs-2008+ADsALQ-,,
Volkswagen+ADs-Sharan+ADs-1995+ADsALQ-,,
Volkswagen+ADs-T+AC0-Roc+ADs-2017+ADsALQ-,,
Volkswagen+ADs-Teramont+ADs-2017+ADsALQ-,,
Volkswagen+ADs-Tiguan+ADs-2007+ADsALQ-,,
Volkswagen+ADs-Touareg+ADs-2002+ADsALQ-,,
Volkswagen+ADs-Touran+ADs-2003+ADsALQ-,,
Volkswagen+ADs-Transporter+ADs-1990+ADsALQ-,,
Volkswagen+ADs-Up+ADs-2011+ADsALQ-,,
Volvo+ADs-C30+ADs-2007+ADs-2013,,
Volvo+ADs-C70+ADs-2006+ADs-2013,,
Volvo+ADs-C70 Convertible+ADs-1997+ADs-2006,,
Volvo+ADs-C70 Coupe+ADs-1996+ADs-2007,,
Volvo+ADs-S40+ADs-1995+ADs-2012,,
Volvo+ADs-S60+ADs-2000+ADsALQ-,,
Volvo+ADs-S70+ADs-1996+ADs-2000,,
Volvo+ADs-S80+ADs-1998+ADs-2016,,
Volvo+ADs-S90+ADs-1997+ADsALQ-,,
Volvo+ADs-V40+ADs-1995+ADsALQ-,,
Volvo+ADs-V50+ADs-2004+ADs-2012,,
Volvo+ADs-V60+ADs-2011+ADsALQ-,,
Volvo+ADs-V70+ADs-1996+ADsALQ-,,
Volvo+ADs-V90+ADs-1997+ADsALQ-,,
Volvo+ADs-XC40+ADs-2017+ADsALQ-,,
Volvo+ADs-XC60+ADs-2008+ADsALQ-,,
Volvo+ADs-XC70+ADs-2001+ADsALQ-,,
Volvo+ADs-XC90+ADs-2002+ADsALQ-,,
